{
   "1": 0.0,
   "2": 1.0,
   "3": 2.35,
   "4": 4.033333333333333,
   "5": 7.2,
   "6": 7.65,
   "7": 12.7,
   "8": 13.2,
   "9": 17.433333333333334,
   "10": 15.55,
   "12": 20.125,
   "14": 23.6,
   "16": 30.6,
   "18": 32.75,
   "15": 24.65,
   "21": 35.15,
   "24": 43.875,
   "27": 59.55,
   "20": 36.0,
   "28": 53.35,
   "32": 65.6,
   "36": 70.8,
   "25": 45.7,
   "30": 54.75,
   "35": 73.0,
   "40": 81.5,
   "45": 97.35,
   "42": 86.3,
   "48": 103.2,
   "54": 111.35,
   "49": 92.5,
   "56": 124.15,
   "63": 134.65,
   "64": 148.1,
   "72": 163.35,
   "81": 175.9
}